상품명,상품코드,자체 품목코드,품목명,품목코드
골판지 종이 보양지 (40m/1롤),P0000CTS,(1)800플로3,풀로베니아(플라스틱) 보양재 3T x 900 x 1800,P0000CTS000A
골판지 종이 보양지 (40m/1롤),P0000CTS,(1)800골판지,종이 롤보양재 3T x 1100 x 40M,P0000CTS000B
월드폼월드 251건,P0000CTN,(1)800하폼건월드9,월드폼 월드 251건,P0000CTN000B
월드폼티탄 B1 난연폼,P0000CTM,(1)800하폼건월드5,월드폼 티탄 B1 난연폼,P0000CTM000B
월드폼월드폼 전용 크리너,P0000CTL,(1)800하폼크리너,월드폼 월드폼 전용 크리너,P0000CTL000B
월드폼좋은폼 (1회용/빨대형),P0000CTK,(1)800하폼건월드8,월드폼 좋은폼 (1회용/빨대형),P0000CTK000B
월드폼스프레이폼 건타입,P0000CSB,(1)800하폼건월드3,월드폼 스프레이폼 건타입,P0000CSB000B
월드폼스피드폼 건타입,P0000CSA,(1)800하폼건월드4,월드폼 스피드폼 건타입,P0000CSA000B
월드폼좋은폼 건타입,P0000CRZ,(1)800하폼건월드1,월드폼 좋은폼 건타입,P0000CRZ000B
월드폼폼본드(난연/B2) 건타입,P0000CRY,(1)800하폼건월드2,월드폼 폼본드(난연/B2) 건타입,P0000CRY000E
프리미엄 단열재 PF보드LX지인,P0000CHJ,(1)600LXPF301800N,30T x 1000 x 1800,P0000CHJ000A
프리미엄 단열재 PF보드LX지인,P0000CHJ,(1)600LXPF501800N,50T x 1000 x 1800,P0000CHJ000B
프리미엄 단열재 PF보드LX지인,P0000CHJ,(1)600LXPF901800N,90T x 1000 x 1800,P0000CHJ000C
단열재 GCS보드,P0000CHH,(2)600대성GCS13,13T x 900 x 2400,P0000CHH000A
단열재 GCS보드,P0000CHH,(2)600대성GCS21,21T x 900 x 2400,P0000CHH000B
단열재 GCS보드,P0000CHH,(2)600대성GCS33,33T x 900 x 2400,P0000CHH000C
차음시트 2T1000 x 1000단면점착,P0000CHD,(1)503차음시트기본,차음시트 2T 1000 x 1000,P0000CHD000A
차음시트 2T1000 x 1000단면점착,P0000CHD,(2)503소음차음시트3,차음시트 3T 1000 x 1000,P0000CHD000B
차음시트 2T1000 x 1000단면점착,P0000CHD,(2)503소음차음시트4,차음시트 4T 1000 x 1000,P0000CHD000C
텐텐지 백색1800x길이 85M,P0000CHC,(1)800텐텐지,1800x길이 85M 백색,P0000CHC000C
인조대리석하부평판/도어씰주문제작상품,P0000CCW,,40*80*900 일반형/물턱없음(ㄱ자형),P0000CCW000A
인조대리석하부평판/도어씰주문제작상품,P0000CCW,,52*80*900 일반형/물막이턱형(ㄱ자형),P0000CCW000B
인조대리석하부평판/도어씰주문제작상품,P0000CCW,,----------,P0000CCW000C
인조대리석하부평판/도어씰주문제작상품,P0000CCW,,60*1800 하부평판(ㅡ자형),P0000CCW000D
인조대리석하부평판/도어씰주문제작상품,P0000CCW,,80*1800 하부평판(ㅡ자형),P0000CCW000E
인조대리석하부평판/도어씰주문제작상품,P0000CCW,,110*1800 하부평판(ㅡ자형),P0000CCW000F
인조대리석하부평판/도어씰주문제작상품,P0000CCW,,140*1800 하부평판(ㅡ자형),P0000CCW000G
인조대리석하부평판/도어씰주문제작상품,P0000CCW,,170*1800 하부평판(ㅡ자형),P0000CCW000H
인조대리석하부평판/도어씰주문제작상품,P0000CCW,,200*1800 하부평판(ㅡ자형),P0000CCW000I
인조대리석하부평판/도어씰주문제작상품,P0000CCW,,230*1800 하부평판(ㅡ자형),P0000CCW000J
GS건설자이 천연 방수석고보드,P0000CCM,(1)200자이02방수936,9.5T x 900 x 1800 (936),P0000CCM000A
GS건설자이 천연 일반석고보드,P0000CCL,(1)200A자이01일반93,9.5T x 900 x 1800 (936),P0000CCL000A
GS건설자이 천연 일반석고보드,P0000CCL,(1)200자이05일반938,9.5T x 900 x 2400 (938),P0000CCL000C
GS건설자이 천연 일반석고보드,P0000CCL,(1)200자이04일반1236,12.5T x 900 x 1800 (1236),P0000CCL000D
"LVL 합판각재합판다루끼한치각,투바이",P0000CCD,(2)100LVL30308,LVL 합판 다루끼 30x30x3600 1단,P0000CCD000A
"LVL 합판각재합판다루끼한치각,투바이",P0000CCD,(2)100LVL3069,LVL 합판 투바이 30x69x3600 1단,P0000CCD000B
목망 꽃바둑살600X1860X8X15T,P0000CBZ,(1)100목망꽃바둑1015,600x1860x8x15T,P0000CBZ000A
목망 꽃바둑살600X1860X8X15T,P0000CBZ,(1)100목망캡,목망테두리,P0000CBZ000B
PVC 점검구,P0000CBX,(1)800점검PVC300,PVC 점검구 300 x 300,P0000CBX000A
PVC 점검구,P0000CBX,(1)800점검PVC400,PVC 점검구 400 x 400,P0000CBX000B
PVC 점검구,P0000CBX,(1)800점검PVC450,PVC 점검구 450 x 450,P0000CBX000C
"행거레일댐퍼형(30kg,50kg,80kg)",P0000CBW,(1)800레일2,슬라이딩 레일 실버 2m,P0000CBW000A
"행거레일댐퍼형(30kg,50kg,80kg)",P0000CBW,(1)800레일3,슬라이딩 레일 실버 3m,P0000CBW000B
"행거레일댐퍼형(30kg,50kg,80kg)",P0000CBW,(1)800행가양댐30,양댐퍼 N30,P0000CBW000C
"행거레일댐퍼형(30kg,50kg,80kg)",P0000CBW,(1)800행가양댐50,양댐퍼 N50,P0000CBW000D
"행거레일댐퍼형(30kg,50kg,80kg)",P0000CBW,(1)800행가양댐80,양댐퍼 N80,P0000CBW000E
"행거레일댐퍼형(30kg,50kg,80kg)",P0000CBW,(1)800엘가이드,엘가이드,P0000CBW000F
"벽산 석고텍스9.5T x 300 x 600, 18매/1Box(1평)",P0000CBB,(1)201석고텍스KCC,석고텍스 9.5T x 300 x 600 18매/1Box(1평),P0000CBB000D
일반합판 3*6910x1820mm,P0000CAT,(1)300A12736B,2.7T x 910 x 1820 동남아산,P0000CAT000A
일반합판 3*6910x1820mm,P0000CAT,(1)300A24636B,4.6T x 910 x 1820 동남아산,P0000CAT000B
일반합판 3*6910x1820mm,P0000CAT,(1)300A48536알,8.5T x 910 x 1820 동남아산 (알비자),P0000CAT000C
일반합판 3*6910x1820mm,P0000CAT,(1)300A38536B,8.5T x 910 x 1820 동남아산 (고급),P0000CAT000D
일반합판 3*6910x1820mm,P0000CAT,(1)300A511536B,11.5T x 910 x 1820 동남아산 (고급),P0000CAT000E
일반합판 3*6910x1820mm,P0000CAT,(1)300A611536M,11.5T x 910 x 1820 베트남산 (MLH),P0000CAT000F
마또아19x90x2400데크재,P0000CAO,,마또아 19 x 90 x 1800,P0000CAO000A
마또아19x90x2400데크재,P0000CAO,,마또아 19 x 90 x 2100,P0000CAO000B
마또아19x90x2400데크재,P0000CAO,,마또아 19 x 90 x 2400,P0000CAO000C
마또아19x90x2400데크재,P0000CAO,,마또아 19 x 90 x 2700,P0000CAO000D
마또아19x90x2400데크재,P0000CAO,,마또아 19 x 90 x 3000,P0000CAO000E
마또아19x90x2400데크재,P0000CAO,,마또아 19 x 90 x 3300,P0000CAO000F
마또아19x90x2400데크재,P0000CAO,,마또아 19 x 90 x 3600,P0000CAO000G
마또아19x90x2400데크재,P0000CAO,,마또아 19 x 90 x 3900,P0000CAO000H
NBR코팅 장갑,P0000CAH,(1)800장갑기능소,기능성장갑 (소),P0000CAH000A
NBR코팅 장갑,P0000CAH,(1)800장갑기능중,기능성장갑 (중),P0000CAH000B
NBR코팅 장갑,P0000CAH,(1)800장갑기능대,기능성장갑 (대),P0000CAH000C
"일반경첩실버,골드,블랙",P0000BZG,(1)80011일반경실,일반경첩 - 실버,P0000BZG000A
"일반경첩실버,골드,블랙",P0000BZG,(1)80012일반경골,일반경첩 - 골드,P0000BZG000B
"일반경첩실버,골드,블랙",P0000BZG,(1)80013일반경블,일반경첩 - 블랙,P0000BZG000C
실린더BPL-6401 GR (핀/실버),P0000BZF,(1)800실6401GR,BPL-6401 실버,P0000BZF000A
실린더BPL-1701 GR (핀/실버),P0000BZE,(1)800실1701GR,BPL-1701 실버,P0000BZE000A
실린더BPL-5101 GR (핀/실버),P0000BZD,(1)800실5101GR,BPL-5101 실버,P0000BZD000A
실린더BPL-5100 GR (키/실버) KEY,P0000BZC,(1)800실5100GR,BPL-5100 실버,P0000BZC000A
실린더BPL-5001 GR (핀/실버),P0000BZB,(1)800실5001GR,BPL-5001 실버,P0000BZB000A
실린더BPL-5001 GR (핀/실버),P0000BZB,(1)800실5001WT,BPL-5001 화이트,P0000BZB000B
실린더BPL-5001 GR (핀/실버),P0000BZB,(1)800실5001BK,BPL-5001 블랙,P0000BZB000C
실린더BPL-5000 GR (키/실버) KEY,P0000BZA,(1)800실5000GR,BPL-5000 실버,P0000BZA000A
실린더BPL-5000 GR (키/실버) KEY,P0000BZA,(1)800실5000WT,BPL-5000 화이트,P0000BZA000B
실린더BPL-5000 GR (키/실버) KEY,P0000BZA,(1)800실5000BK,BPL-5000 블랙,P0000BZA000C
히노끼루바(유절) 10T8매/단,P0000BYR,,히노끼 루바 (유절/8자),P0000BYR000A
히노끼루바(유절) 10T8매/단,P0000BYR,,히노끼 루바 (유절/12자),P0000BYR000B
히노끼루바(유절) 10T8매/단,P0000BYR,,히노끼 루바 마감재,P0000BYR000C
히노끼루바(유절) 10T8매/단,P0000BYR,,히노끼 평몰딩,P0000BYR000D
히노끼루바(유절) 10T8매/단,P0000BYR,,번들단가,P0000BYR000E
레드오크 집성판솔리드,P0000BYL,,20T x 1000 x 1800,P0000BYL000A
레드오크 집성판솔리드,P0000BYL,,20T x 1000 x 2100,P0000BYL000B
레드오크 집성판솔리드,P0000BYL,,20T x 1000 x 2400,P0000BYL000C
레드오크 집성판솔리드,P0000BYL,,26T x 1000 x 1800,P0000BYL000D
레드오크 집성판솔리드,P0000BYL,,26T x 1000 x 2100,P0000BYL000E
레드오크 집성판솔리드,P0000BYL,,26T x 1000 x 2400,P0000BYL000F
믹스 애쉬 집성판사이드핑거,P0000BYH,,18T x 1220 x 2440,P0000BYH000A
믹스 애쉬 집성판사이드핑거,P0000BYH,,24T x 1220 x 2440,P0000BYH000B
믹스 애쉬 집성판사이드핑거,P0000BYH,,18T x 915 x 2300,P0000BYH000C
믹스 애쉬 집성판사이드핑거,P0000BYH,,기타규격,P0000BYH000D
대나무 집성판1220 x 2200mm,P0000BYF,,대나무 집성목 12T 1220*2200,P0000BYF000A
대나무 집성판1220 x 2200mm,P0000BYF,,대나무 집성목 15T 1220*2200,P0000BYF000B
대나무 집성판1220 x 2200mm,P0000BYF,,대나무 집성목 18T 1220*2200,P0000BYF000C
레드발라우19x90x2400데크재,P0000BYD,,19 x 90 x 2400,P0000BYD000A
레드발라우19x90x2400데크재,P0000BYD,,기타규격,P0000BYD000B
카플19x90x2400데크재,P0000BYC,,카플 19 x 90 x 1800,P0000BYC000A
카플19x90x2400데크재,P0000BYC,,카플 19 x 90 x 2100,P0000BYC000B
카플19x90x2400데크재,P0000BYC,,카플 19 x 90 x 2400,P0000BYC000C
카플19x90x2400데크재,P0000BYC,,카플 19 x 90 x 2700,P0000BYC000D
카플19x90x2400데크재,P0000BYC,,카플 19 x 90 x 3000,P0000BYC000E
카플19x90x2400데크재,P0000BYC,,카플 19 x 90 x 3300,P0000BYC000F
카플19x90x2400데크재,P0000BYC,,카플 19 x 90 x 3600,P0000BYC000G
카플19x90x2400데크재,P0000BYC,,카플 19 x 90 x 3900,P0000BYC000H
이페19x90x2400데크재,P0000BYB,,19 x 90 x 2400,P0000BYB000A
이페19x90x2400데크재,P0000BYB,,기타규격,P0000BYB000B
큐링19x90x2400데크재,P0000BYA,,큐링 19 x 90 x 1800,P0000BYA000A
큐링19x90x2400데크재,P0000BYA,,큐링 19 x 90 x 2100,P0000BYA000B
큐링19x90x2400데크재,P0000BYA,,큐링 19 x 90 x 2400,P0000BYA000C
큐링19x90x2400데크재,P0000BYA,,큐링 19 x 90 x 2700,P0000BYA000D
큐링19x90x2400데크재,P0000BYA,,큐링 19 x 90 x 3000,P0000BYA000E
큐링19x90x2400데크재,P0000BYA,,큐링 19 x 90 x 3300,P0000BYA000F
큐링19x90x2400데크재,P0000BYA,,큐링 19 x 90 x 3600,P0000BYA000G
큐링19x90x2400데크재,P0000BYA,,큐링 19 x 90 x 3900,P0000BYA000H
부켈라19x90x2400데크재,P0000BXZ,,19 x 90 x 2400,P0000BXZ000A
부켈라19x90x2400데크재,P0000BXZ,,기타규격,P0000BXZ000B
모말라19x90x2400데크재,P0000BXY,,19 x 90 x 2400,P0000BXY000A
모말라19x90x2400데크재,P0000BXY,,기타규격,P0000BXY000B
게루투19x90x2400데크재,P0000BXX,,19 x 90 x 2400,P0000BXX000A
게루투19x90x2400데크재,P0000BXX,,기타규격,P0000BXX000B
토렘19x90x2400데크재,P0000BXW,,19 x 90 x 2400,P0000BXW000A
토렘19x90x2400데크재,P0000BXW,,기타규격,P0000BXW000B
니아또바투19x90x2400데크재,P0000BXV,,19 x 90 x 2400,P0000BXV000A
니아또바투19x90x2400데크재,P0000BXV,,기타규격,P0000BXV000B
꾸란지19x90x2400데크재,P0000BXU,,19 x 90 x 2400,P0000BXU000A
꾸란지19x90x2400데크재,P0000BXU,,기타규격,P0000BXU000B
캠파스19x90x2400데크재,P0000BXT,,캠파스 19 x 90 x 1800,P0000BXT000A
캠파스19x90x2400데크재,P0000BXT,,캠파스 19 x 90 x 2100,P0000BXT000B
캠파스19x90x2400데크재,P0000BXT,,캠파스 19 x 90 x 2400,P0000BXT000C
캠파스19x90x2400데크재,P0000BXT,,캠파스 19 x 90 x 2700,P0000BXT000D
캠파스19x90x2400데크재,P0000BXT,,캠파스 19 x 90 x 3000,P0000BXT000E
캠파스19x90x2400데크재,P0000BXT,,캠파스 19 x 90 x 3300,P0000BXT000F
캠파스19x90x2400데크재,P0000BXT,,캠파스 19 x 90 x 3600,P0000BXT000G
캠파스19x90x2400데크재,P0000BXT,,캠파스 19 x 90 x 3900,P0000BXT000H
꾸메아21x90x2400데크재,P0000BXR,,19 x 90 x 2400,P0000BXR000A
꾸메아21x90x2400데크재,P0000BXR,,기타규격,P0000BXR000B
마니카라19x90x2400데크재,P0000BXQ,,19 x 90 x 2400,P0000BXQ000A
마니카라19x90x2400데크재,P0000BXQ,,기타규격,P0000BXQ000B
미송(라디에타파인)60x70x3600핸드레일,P0000BXP,,60 x 70 x 3600,P0000BXP000A
멀바우 식빵형60x70x3600핸드레일,P0000BXO,,60 x 70 x 3600,P0000BXO000A
미송(라디에타파인)40x70x3600핸드레일,P0000BXN,,40 x 70 x 3600,P0000BXN000A
멀바우 반달형40x70x3600핸드레일,P0000BXM,,40 x 70 x 3600,P0000BXM000A
코팅 미송(라디에타파인)36x60x3600핸드레일,P0000BXL,,36 x 60 x 3600,P0000BXL000A
코팅 미송(라디에타파인/피누스)40x70x3600핸드레일,P0000BXK,,40 x 70 x 3600,P0000BXK000A
코팅 티크40x70x3600핸드레일,P0000BXJ,,30T x 300 x 3600,P0000BXJ000A
티크40x70x3600핸드레일,P0000BXI,,40 x 70 x 3600,P0000BXI000A
니아또바투40x70x3600핸드레일,P0000BXH,,30T x 300 x 3600,P0000BXH000A
체리36x60x3600핸드레일,P0000BXG,,36 x 60 x 3600,P0000BXG000A
오크 핸드레일40x70x3600 반달60x70x3600 식빵,P0000BXF,,40 x 70 x 3600,P0000BXF000A
오크 핸드레일40x70x3600 반달60x70x3600 식빵,P0000BXF,,60 x 70 x 3600,P0000BXF000B
운반비 결제,P0000BWV,,라보,P0000BWV000A
운반비 결제,P0000BWV,,1톤,P0000BWV000B
운반비 결제,P0000BWV,,1.4톤,P0000BWV000C
운반비 결제,P0000BWV,,3.5톤,P0000BWV000D
운반비 결제,P0000BWV,,5톤,P0000BWV000E
운반비 결제,P0000BWV,,5천원 추가,P0000BWV000F
운반비 결제,P0000BWV,,1만원 추가,P0000BWV000G
"OST단위타카핀(18,25,32,38,45,50,64)",P0000BWM,(1)800타카JST18,18,P0000BWM000A
"OST단위타카핀(18,25,32,38,45,50,64)",P0000BWM,(1)800타카JST25,25,P0000BWM000B
"OST단위타카핀(18,25,32,38,45,50,64)",P0000BWM,(1)800타카JST32,32,P0000BWM000C
"OST단위타카핀(18,25,32,38,45,50,64)",P0000BWM,(1)800타카JST38,38,P0000BWM000D
"OST단위타카핀(18,25,32,38,45,50,64)",P0000BWM,(1)800타카JST45,45,P0000BWM000E
"OST단위타카핀(18,25,32,38,45,50,64)",P0000BWM,(1)800타카JST50,50,P0000BWM000F
"OST단위타카핀(18,25,32,38,45,50,64)",P0000BWM,(1)800타카JST64,64,P0000BWM000G
UV코팅 자작합판상도/하도,P0000BWI,(2)300SK자작하도448,자작 합판 4T (S/BB) UV하도,P0000BWI000A
UV코팅 자작합판상도/하도,P0000BWI,(2)300SK자작하도648,자작 합판 6T (S/BB) UV하도,P0000BWI000B
UV코팅 자작합판상도/하도,P0000BWI,(2)300SK자작하도948,자작 합판 9T (S/BB) UV하도,P0000BWI000C
UV코팅 자작합판상도/하도,P0000BWI,(2)300SK자작하도1248,자작 합판 12T (S/BB) UV하도,P0000BWI000D
UV코팅 자작합판상도/하도,P0000BWI,(2)300SK자작하도1548,자작 합판 15T (S/BB) UV하도,P0000BWI000E
UV코팅 자작합판상도/하도,P0000BWI,(2)300SK자작하도1848,자작 합판 18T (S/BB) UV하도,P0000BWI000F
UV코팅 자작합판상도/하도,P0000BWI,,----------,P0000BWI000G
UV코팅 자작합판상도/하도,P0000BWI,(2)300SK자작상도448,자작 합판 4T (S/BB) UV상도,P0000BWI000H
UV코팅 자작합판상도/하도,P0000BWI,(2)300SK자작상도648,자작 합판 6T (S/BB) UV상도,P0000BWI000I
UV코팅 자작합판상도/하도,P0000BWI,(2)300SK자작상도948,자작 합판 9T (S/BB) UV상도,P0000BWI000J
UV코팅 자작합판상도/하도,P0000BWI,(2)300SK자작상도1248,자작 합판 12T (S/BB) UV상도,P0000BWI000K
UV코팅 자작합판상도/하도,P0000BWI,(2)300SK자작상도1548,자작 합판 15T (S/BB) UV상도,P0000BWI000L
UV코팅 자작합판상도/하도,P0000BWI,(2)300SK자작상도1848,자작 합판 18T (S/BB) UV상도,P0000BWI000M
라치(낙엽송)21x95x3000데크재,P0000BVZ,,라치 데크재 21 x 95 x 3000,P0000BVZ000A
라치(낙엽송)21x95x3000데크재,P0000BVZ,,라치 데크재 21 x 95 x 3300,P0000BVZ000B
라치(낙엽송)21x95x3000데크재,P0000BVZ,,라치 데크재 21 x 95 x 3600,P0000BVZ000C
라치(낙엽송)21x95x3000데크재,P0000BVZ,,라치 데크재 21 x 95 x 3900,P0000BVZ000D
라치(낙엽송)21x95x3000데크재,P0000BVZ,,라치 데크재 21 x 120 x 3000,P0000BVZ000E
라치(낙엽송)21x95x3000데크재,P0000BVZ,,라치 데크재 21 x 120 x 3300,P0000BVZ000F
라치(낙엽송)21x95x3000데크재,P0000BVZ,,라치 데크재 21 x 120 x 3600,P0000BVZ000G
라치(낙엽송)21x95x3000데크재,P0000BVZ,,라치 데크재 21 x 120 x 3900,P0000BVZ000H
몰탈 접착 증강제 G-3 본드 (15kg),P0000BVW,(1)800접착G3원,원평 G3 본드 (15kg),P0000BVW000A
단열 보드 접착제 G-2 본드 (10kg),P0000BVV,(1)800접착G2원,원평 G2 본드 (10kg),P0000BVV000A
보드 합지 접착제 G-1 본드 (18L),P0000BVU,(1)800접착G1원,원평 G1 본드 (18L),P0000BVU000A
"C타카핀타카핀(C50,C57,C64)",P0000BVS,(1)800타카T50,C50 (T50),P0000BVS000A
"C타카핀타카핀(C50,C57,C64)",P0000BVS,(1)800타카T57,C57 (T57),P0000BVS000B
"C타카핀타카핀(C50,C57,C64)",P0000BVS,(1)800타카T64,C64 (T64),P0000BVS000C
"단타공흡음패널, 원형 타공판9T x 1200 x 2400방염",P0000BVF,(2)503제일타공라자9,타공판/라인/자작,P0000BVF000A
"단타공흡음패널, 원형 타공판9T x 1200 x 2400방염",P0000BVF,(1)503타공라메9,타공판/라인/메이플,P0000BVF000B
"단타공흡음패널, 원형 타공판9T x 1200 x 2400방염",P0000BVF,(2)503소음타공라오9,타공판/라인/오크,P0000BVF000C
"단타공흡음패널, 원형 타공판9T x 1200 x 2400방염",P0000BVF,(2)503제일타공원자9,타공판/원형/자작,P0000BVF000D
"단타공흡음패널, 원형 타공판9T x 1200 x 2400방염",P0000BVF,(1)503타공원메9,타공판/원형/메이플,P0000BVF000E
"단타공흡음패널, 원형 타공판9T x 1200 x 2400방염",P0000BVF,(2)503제일타공원오9,타공판/원형/오크,P0000BVF000F
"단타공흡음패널, 원형 타공판9T x 1200 x 2400방염",P0000BVF,(2)503씨에타공원화,타공판/원형/화이트오크,P0000BVF000G
"단타공흡음패널, 원형 타공판9T x 1200 x 2400방염",P0000BVF,(2)503소음타공원백9,타공판/원형/백색,P0000BVF000I
방부 라티스 (15T),P0000BTH,(1)100방부목91라티,15T x 1200mm x 2400mm,P0000BTH000A
방부 라티스 (15T),P0000BTH,(2)100방부라티스캡,방부라티스 U캡,P0000BTH000B
주춧돌(앙카블럭),P0000BTF,(2)800주춧44,주춧돌 4 x 4,P0000BTF000A
주춧돌(앙카블럭),P0000BTF,,주춧돌 5 x 5,P0000BTF000B
주춧돌(앙카블럭),P0000BTF,,주춧돌 6 x 6,P0000BTF000C
오동나무 집성판솔리드,P0000BTE,,12T x 1000 x 2000,P0000BTE000A
오동나무 집성판솔리드,P0000BTE,,15T x 1220 x 2200,P0000BTE000B
"합성목재(WPC)브라운,체리,그레이방부목 대체품",P0000BSR,,20T x 132 x 2400,P0000BSR000A
"합성목재(WPC)브라운,체리,그레이방부목 대체품",P0000BSR,,20T x 132 x 3000,P0000BSR000B
"합성목재(WPC)브라운,체리,그레이방부목 대체품",P0000BSR,,20T x 138 x 2400,P0000BSR000C
"합성목재(WPC)브라운,체리,그레이방부목 대체품",P0000BSR,,20T x 138 x 3000,P0000BSR000D
"합성목재(WPC)브라운,체리,그레이방부목 대체품",P0000BSR,,25T x 150 x 2400,P0000BSR000E
"합성목재(WPC)브라운,체리,그레이방부목 대체품",P0000BSR,,25T x 150 x 3000,P0000BSR000F
"합성목재(WPC)브라운,체리,그레이방부목 대체품",P0000BSR,,기타규격,P0000BSR000G
"합성목재(WPC)브라운,체리,그레이방부목 대체품",P0000BSR,,합성목재 미들클립,P0000BSR000H
"합성목재(WPC)브라운,체리,그레이방부목 대체품",P0000BSR,,합성목재 스타트클립,P0000BSR000I
"합성목재(WPC)브라운,체리,그레이방부목 대체품",P0000BSR,,합성목재 클립 전용피스,P0000BSR000J
"합성목재(WPC)브라운,체리,그레이방부목 대체품",P0000BSR,,합성목재용 도장 직결피스(DB),P0000BSR000K
"합성목재(WPC)브라운,체리,그레이방부목 대체품",P0000BSR,,아티론 (연결보조제),P0000BSR000L
"합성목재(WPC)브라운,체리,그레이방부목 대체품",P0000BSR,,합성목재 평몰딩,P0000BSR000M
"합성목재(WPC)브라운,체리,그레이방부목 대체품",P0000BSR,,합성목재 평몰딩2,P0000BSR000N
CRC보드하지용 미색,P0000BSU,,3.5T x 900 x 1800,P0000BSU000A
CRC보드하지용 미색,P0000BSU,,4.5T x 900 x 1800,P0000BSU000B
CRC보드하지용 미색,P0000BSU,,6T x 900 x 1800,P0000BSU000C
CRC보드하지용 미색,P0000BSU,,9T x 900 x 1800,P0000BSU000D
CRC보드하지용 미색,P0000BSU,,12T x 900 x 1800,P0000BSU000E
CRC보드하지용 미색,P0000BSU,,----------,P0000BSU000F
CRC보드하지용 미색,P0000BSU,,6T x 1220 x 2440,P0000BSU000G
CRC보드하지용 미색,P0000BSU,,9T x 1220 x 2440,P0000BSU000H
목모보드(4면면취/내추럴)두께별 x 600 x 600KS인증제품,P0000BQQ,,일반 15T x 600 x 600,P0000BQQ000A
목모보드(4면면취/내추럴)두께별 x 600 x 600KS인증제품,P0000BQQ,,일반 20T x 600 x 600,P0000BQQ000B
목모보드(4면면취/내추럴)두께별 x 600 x 600KS인증제품,P0000BQQ,,일반 25T x 600 x 600,P0000BQQ000C
목모보드(4면면취/내추럴)두께별 x 600 x 600KS인증제품,P0000BQQ,,방염 15T x 600 x 600,P0000BQQ000D
목모보드(4면면취/내추럴)두께별 x 600 x 600KS인증제품,P0000BQQ,,방염 20T x 600 x 600,P0000BQQ000E
목모보드(4면면취/내추럴)두께별 x 600 x 600KS인증제품,P0000BQQ,,방염 25T x 600 x 600,P0000BQQ000F
목모보드(4면면취/내추럴)두께별 x 600 x 600KS인증제품,P0000BQQ,,준불연 15T x 600 x 600,P0000BQQ000G
목모보드(4면면취/내추럴)두께별 x 600 x 600KS인증제품,P0000BQQ,,준불연 20T x 600 x 600,P0000BQQ000H
목모보드(4면면취/내추럴)두께별 x 600 x 600KS인증제품,P0000BQQ,,준불연 25T x 600 x 600,P0000BQQ000I
목모보드(4면면취/내추럴)두께별 x 600 x 600KS인증제품,P0000BQQ,,배송비,P0000BQQ000J
목모보드(4면면취/내추럴)두께별 x 600 x 1200KS인증제품,P0000BQR,,일반 15T x 600 x 1200,P0000BQR000A
목모보드(4면면취/내추럴)두께별 x 600 x 1200KS인증제품,P0000BQR,,일반 20T x 600 x 1200,P0000BQR000B
목모보드(4면면취/내추럴)두께별 x 600 x 1200KS인증제품,P0000BQR,,일반 25T x 600 x 1200,P0000BQR000C
목모보드(4면면취/내추럴)두께별 x 600 x 1200KS인증제품,P0000BQR,,방염 15T x 600 x 1200,P0000BQR000D
목모보드(4면면취/내추럴)두께별 x 600 x 1200KS인증제품,P0000BQR,,방염 20T x 600 x 1200,P0000BQR000E
목모보드(4면면취/내추럴)두께별 x 600 x 1200KS인증제품,P0000BQR,,방염 25T x 600 x 1200,P0000BQR000F
목모보드(4면면취/내추럴)두께별 x 600 x 1200KS인증제품,P0000BQR,,준불연 15T x 600 x 1200,P0000BQR000G
목모보드(4면면취/내추럴)두께별 x 600 x 1200KS인증제품,P0000BQR,,준불연 20T x 600 x 1200,P0000BQR000H
목모보드(4면면취/내추럴)두께별 x 600 x 1200KS인증제품,P0000BQR,,준불연 25T x 600 x 1200,P0000BQR000I
목모보드(4면면취/내추럴)두께별 x 600 x 1200KS인증제품,P0000BQR,,배송비,P0000BQR000J
재단비 결제,P0000BNF,,5mm이하,P0000BNF000A
재단비 결제,P0000BNF,,6~11.5mm,P0000BNF000B
재단비 결제,P0000BNF,,14.5~23mm,P0000BNF000C
재단비 결제,P0000BNF,,24~30mm,P0000BNF000D
재단비 결제,P0000BNF,,소송각재,P0000BNF000E
재단비 결제,P0000BNF,,각재 2x8 이하,P0000BNF000F
재단비 결제,P0000BNF,,각재 2x8 이상,P0000BNF000G
재단비 결제,P0000BNF,,템바보드,P0000BNF000H
준내수합판 (국산 KS)1220 x 2440mm,P0000BNE,(1)300준내수948,8.5T x 1220 x 2440 국산 ks,P0000BNE000B
단열재 아이소핑크/압출법보온판 ,P0000BND,(1)60011아이소101호,10T x 900 x 1800,P0000BND000G
단열재 아이소핑크/압출법보온판 ,P0000BND,(1)60012아이소20특,20T x 900 x 1800,P0000BND000H
단열재 아이소핑크/압출법보온판 ,P0000BND,(1)60013아이소30특,30T x 900 x 1800,P0000BND000I
단열재 아이소핑크/압출법보온판 ,P0000BND,(1)60014아이소50특,50T x 900 x 1800,P0000BND000J
단열재 아이소핑크/압출법보온판 ,P0000BND,(1)60015아이소100특,100T x 900 x 1800,P0000BND000K
오크 미장합판(라미날 합판)1220 x 2440mm,P0000BNC,(1)300오크27,오크 미장합판 2.7T x 1220 x 2440mm,P0000BNC000A
백색 코팅 합판(백색 포리톤)1220 x 2440mm,P0000BNB,(1)300백색27,백색 코팅합판 2.7T x 1220 x 2440m,P0000BNB000A
무방부목15x95x3600데크재,P0000BMM,,15 x 95mm,P0000BMM000A
무방부목15x95x3600데크재,P0000BMM,,21 x 120mm,P0000BMM000B
자동연발피스 (양날) 매거진피스,P0000BMB,(1)800매거양625,6 x 25 (2000PCS/1박스),P0000BMB000A
자동연발피스 (양날) 매거진피스,P0000BMB,(1)800매거양632,6 x 32 (1000PCS/1박스),P0000BMB000B
자동연발피스 (양날) 매거진피스,P0000BMB,(1)800매거양638,6 x 38 (1000PCS/1박스),P0000BMB000C
자동연발피스 (양날) 매거진피스,P0000BMB,(1)800매거양321,3 x 21 (2000PCS/1박스) 코팅,P0000BMB000D
윙스크류 양날피스,P0000BMA,(1)800윙스25,8 x 25 (500pcs),P0000BMA000A
윙스크류 양날피스,P0000BMA,(1)800윙스32,8 x 32 (500pcs),P0000BMA000B
윙스크류 양날피스,P0000BMA,(1)800윙스38,8 x 38 (500pcs),P0000BMA000C
윙스크류 양날피스,P0000BMA,(1)800윙스45,8 x 45 (500pcs),P0000BMA000D
윙스크류 양날피스,P0000BMA,(1)800윙스55,8 x 55 (300pcs),P0000BMA000E
반코팅 장갑 (1타/10개),P0000BLZ,(1)800장갑1코팅R,1타 (10개),P0000BLZ000A
자동연발피스 (외날) 매거진피스,P0000BLY,(1)800매거외625,6 x 25 (2000PCS/1박스),P0000BLY000A
자동연발피스 (외날) 매거진피스,P0000BLY,(1)800매거외632,6 x 32 (1000PCS/1박스),P0000BLY000B
자동연발피스 (외날) 매거진피스,P0000BLY,(1)800매거외638,6 x 38 (1000PCS/1박스),P0000BLY000C
자동연발피스 (외날) 매거진피스,P0000BLY,(1)800매거외321,3 x 21 (2000PCS/1박스) 코팅,P0000BLY000D
자동연발피스 (외날) 매거진피스,P0000BLY,(1)800매거외625코,6 x 25 (2000PCS/1박스) 코팅,P0000BLY000E
씽크경첩 110도 18T 일반 / 유압,P0000BLX,(1)800씽크경일18,일반 씽크경첩(110도),P0000BLX000A
씽크경첩 110도 18T 일반 / 유압,P0000BLX,(1)800씽크경유18,유압 씽크경첩(110도),P0000BLX000B
3단 고급 서랍레일피스포함,P0000BLV,(1)800서랍레일300,300mm,P0000BLV000A
3단 고급 서랍레일피스포함,P0000BLV,(1)800서랍레일350,350mm,P0000BLV000B
3단 고급 서랍레일피스포함,P0000BLV,(1)800서랍레일400,400mm,P0000BLV000C
3단 고급 서랍레일피스포함,P0000BLV,(1)800서랍레일450,450mm,P0000BLV000D
KCC/벽산 그라스울 (1봉지/28장)24K 50 x 450 x 1000,P0000BLR,(1)60010그라스울기본,24K 50 x 450 x 1000,P0000BLR000D
플로베니아 백색 900*1800,P0000BLQ,(1)800플로3,플로베니아(플라스틱) 보양재 3T x 900 x 1800,P0000BLQ000A
플로베니아 백색 900*1800,P0000BLQ,(1)800골판지,종이 롤보양재 3T x 1100 x 40M,P0000BLQ000B
자나무(미장용)56 x 2440mm,P0000BLN,(1)100자나무,11.5T x 56mm x 2440mm (1개),P0000BLN000A
실리콘 마감용 헤라,P0000BLC,(1)800헤라소,실리콘 마감용 헤라 (소),P0000BLC000A
실리콘 마감용 헤라,P0000BLC,(1)800헤라중,실리콘 마감용 헤라 (중),P0000BLC000B
실리콘 마감용 헤라,P0000BLC,(1)800헤라대,실리콘 마감용 헤라 (대),P0000BLC000C
브라운 애쉬 집성판솔리드,P0000BLA,,20T x 915 x 1900,P0000BLA000A
브라운 애쉬 집성판솔리드,P0000BLA,,20T x 915 x 2000,P0000BLA000B
브라운 애쉬 집성판솔리드,P0000BLA,,20T x 915 x 2200,P0000BLA000C
브라운 애쉬 집성판솔리드,P0000BLA,,-------------------,P0000BLA000D
브라운 애쉬 집성판솔리드,P0000BLA,,20 x 1000 x 1800,P0000BLA000E
브라운 애쉬 집성판솔리드,P0000BLA,,20 x 1000 x 2100,P0000BLA000F
브라운 애쉬 집성판솔리드,P0000BLA,,20 x 1000 x 2400,P0000BLA000G
월넛 솔리드 집성판솔리드,P0000BKZ,,20T x 1000 x 1800,P0000BKZ000A
월넛 솔리드 집성판솔리드,P0000BKZ,,20T x 1000 x 2120,P0000BKZ000B
월넛 솔리드 집성판솔리드,P0000BKZ,,20T x 1000 x 2400,P0000BKZ000C
월넛 솔리드 집성판솔리드,P0000BKZ,,25T x 920 x 2100,P0000BKZ000D
월넛 솔리드 집성판솔리드,P0000BKZ,,25T x 920 x 2400,P0000BKZ000E
월넛 솔리드 집성판솔리드,P0000BKZ,,30T x 920 x 1800,P0000BKZ000F
월넛 솔리드 집성판솔리드,P0000BKZ,,30T x 920 x 2100,P0000BKZ000G
월넛 솔리드 집성판솔리드,P0000BKZ,,30T x 920 x 2400,P0000BKZ000H
미송합판(양면무절)1220 x 2440mm,P0000BKX,(1)300B6미송무45,미송합판 4.5T,P0000BKX000A
미송합판(양면무절)1220 x 2440mm,P0000BKX,,미송합판 6.5T,P0000BKX000B
미송합판(양면무절)1220 x 2440mm,P0000BKX,,미송합판 9T,P0000BKX000C
미송합판(양면무절)1220 x 2440mm,P0000BKX,,미송합판 12T,P0000BKX000D
미송합판(양면무절)1220 x 2440mm,P0000BKX,,미송합판 15T,P0000BKX000E
미송합판(양면무절)1220 x 2440mm,P0000BKX,,미송합판 18T,P0000BKX000F
티크 집성판사이드핑거,P0000BKV,,15T x 910 x 2440,P0000BKV000A
티크 집성판사이드핑거,P0000BKV,,18T x 910 x 2440,P0000BKV000B
티크 집성판사이드핑거,P0000BKV,,24T x 910 x 2440,P0000BKV000C
티크 집성판사이드핑거,P0000BKV,,30T x 910 x 2440,P0000BKV000D
티크 집성판사이드핑거,P0000BKV,,18T x 1220 x 2440,P0000BKV000E
티크 집성판사이드핑거,P0000BKV,,24T x 1220 x 2440,P0000BKV000F
티크 집성판사이드핑거,P0000BKV,,30T x 1220 x 2440,P0000BKV000G
탄화 애쉬(물푸레나무)집성판사이드핑거 15T x 1200 x 2400mm,P0000BKU,,15T x 1200 x 2400,P0000BKU000A
멀바우 집성판사이드핑거,P0000BJU,,12T x 910 x 2400,P0000BJU000A
멀바우 집성판사이드핑거,P0000BJU,,15T x 910 x 2400,P0000BJU000B
멀바우 집성판사이드핑거,P0000BJU,,18T x 910 x 2400,P0000BJU000C
멀바우 집성판사이드핑거,P0000BJU,,24T x 910 x 2400,P0000BJU000D
멀바우 집성판사이드핑거,P0000BJU,,30T x 910 x 2400,P0000BJU000E
멀바우 집성판사이드핑거,P0000BJU,,------------------,P0000BJU000F
멀바우 집성판사이드핑거,P0000BJU,,12T x 1220 x 2440,P0000BJU000G
멀바우 집성판사이드핑거,P0000BJU,,15T x 1220 x 2440,P0000BJU000H
멀바우 집성판사이드핑거,P0000BJU,,18T x 1220 x 2440,P0000BJU000I
멀바우 집성판사이드핑거,P0000BJU,,24T X 1220 X 2440,P0000BJU000J
멀바우 집성판사이드핑거,P0000BJU,,30T x 1220 x 2440,P0000BJU000K
아연피스 ( 목재용 나팔머리 외날피스 ) 델타,P0000BJT,(1)800아연피스25,6 x 25 (1000pcs),P0000BJT000A
아연피스 ( 목재용 나팔머리 외날피스 ) 델타,P0000BJT,(1)800아연피스32,6 x 32 (1000pcs),P0000BJT000B
아연피스 ( 목재용 나팔머리 외날피스 ) 델타,P0000BJT,(1)800아연피스38,6 x 38 (500pcs),P0000BJT000C
아연피스 ( 목재용 나팔머리 외날피스 ) 델타,P0000BJT,(1)800아연피스50,6 x 50 (500pcs),P0000BJT000D
아연피스 ( 목재용 나팔머리 외날피스 ) 델타,P0000BJT,(1)800아연피스65,6 x 65 (300pcs),P0000BJT000E
아연피스 ( 목재용 나팔머리 외날피스 ) 델타,P0000BJT,(1)800아연피스75,6 x 75 (300pcs),P0000BJT000F
아연피스 ( 목재용 나팔머리 외날피스 ) 델타,P0000BJT,(1)800아연피스90,6 x 90 (200pcs),P0000BJT000G
월넛 집성판사이드핑거,P0000BJQ,,18T x 910 x 2400,P0000BJQ000A
월넛 집성판사이드핑거,P0000BJQ,,18T x 910 x 2440,P0000BJQ000B
월넛 집성판사이드핑거,P0000BJQ,,24T x 910 x 2440,P0000BJQ000C
월넛 집성판사이드핑거,P0000BJQ,,30T x 915 x 2300,P0000BJQ000D
쏘노클린후로링,P0000BJI,,15 x 90 x 1820 (오리지널),P0000BJI000A
쏘노클린후로링,P0000BJI,,15 x 150 x 1820 (단판),P0000BJI000B
쏘노클린후로링,P0000BJI,,15 x 150 x 1820 (오리지널),P0000BJI000C
쏘노클린계단재,P0000BJH,,30T x 300 x 3600 코팅,P0000BJH000A
쏘노클린계단재,P0000BJH,,30T x 300 x 3600 무코팅,P0000BJH000B
쏘노클린 집성판사이드핑거,P0000BJG,,18T x 910 x 2440,P0000BJG000A
쏘노클린 집성판사이드핑거,P0000BJG,,24T x 910 x 2440,P0000BJG000B
쏘노클린 집성판사이드핑거,P0000BJG,,30T x 910 x 2440,P0000BJG000C
쏘노클린 집성판사이드핑거,P0000BJG,,30T x 300 x 3600,P0000BJG000D
스텐 접시 양날피스,P0000BJE,(1)800스텐피스25,스텐 접시 양날피스 8 x 25,P0000BJE000A
스텐 접시 양날피스,P0000BJE,(1)800스텐피스32,스텐 접시 양날피스 8 x 32,P0000BJE000C
스텐 접시 양날피스,P0000BJE,(1)800스텐피스38,스텐 접시 양날피스 8 x 38,P0000BJE000D
스텐 접시 양날피스,P0000BJE,(1)800스텐피스50,스텐 접시 양날피스 8 x 50,P0000BJE000E
"6단위실타카핀(615,618,625,630)",P0000BJD,(1)800실타615,실타카핀615,P0000BJD000A
"6단위실타카핀(615,618,625,630)",P0000BJD,(1)800실타618,실타카핀618,P0000BJD000B
"6단위실타카핀(615,618,625,630)",P0000BJD,(1)800실타625,실타카핀625,P0000BJD000C
"6단위실타카핀(615,618,625,630)",P0000BJD,(1)800실타630,실타카핀630,P0000BJD000D
"AFH-4350 이지경첩실버,골드,화이트,블랙",P0000BJC,(1)80011이지경실,이지경첩 - 실버,P0000BJC000A
"AFH-4350 이지경첩실버,골드,화이트,블랙",P0000BJC,(1)80012이지경골,이지경첩 - 골드,P0000BJC000B
"AFH-4350 이지경첩실버,골드,화이트,블랙",P0000BJC,(1)80014이지경백,이지경첩 - 백색,P0000BJC000C
"AFH-4350 이지경첩실버,골드,화이트,블랙",P0000BJC,(1)80013이지경블,이지경첩 - 블랙,P0000BJC000D
알루미늄 점검구,P0000BJB,(1)800점검300,알루미늄 점검구 300 x 300,P0000BJB000A
알루미늄 점검구,P0000BJB,(1)800점검400,알루미늄 점검구 400 x 400,P0000BJB000B
알루미늄 점검구,P0000BJB,(1)800점검450,알루미늄 점검구 450 x 450,P0000BJB000C
알루미늄 점검구,P0000BJB,(1)800점검600,알루미늄 점검구 600 x 600,P0000BJB000D
접시머리 양날피스(황색),P0000BJA,(1)800접시13,접시머리 양날피스 8 x 13 (1000pcs),P0000BJA000A
접시머리 양날피스(황색),P0000BJA,(1)800접시25,접시머리 양날피스 8 x 25 (500pcs),P0000BJA000B
접시머리 양날피스(황색),P0000BJA,(1)800접시32,접시머리 양날피스 8 x 32 (500pcs),P0000BJA000C
접시머리 양날피스(황색),P0000BJA,(1)800접시38,접시머리 양날피스 8 x 38 (500pcs),P0000BJA000D
"톱날 ( 대건금속, 타지마 )",P0000BIZ,(1)800톱날265대,톱날 265 mm / 대건금속,P0000BIZ000A
"톱날 ( 대건금속, 타지마 )",P0000BIZ,(1)800톱날A265타,톱날 265 mm / 타지마,P0000BIZ000B
"톱날 ( 대건금속, 타지마 )",P0000BIZ,(1)800톱날300대,톱날 300 mm / 대건금속,P0000BIZ000C
"톱날 ( 대건금속, 타지마 )",P0000BIZ,(1)800톱날A300타,톱날 300 mm / 타지마,P0000BIZ000D
"톱날 ( 대건금속, 타지마 )",P0000BIZ,(1)800톱날330대,톱날 330 mm / 대건금속,P0000BIZ000E
"톱날 ( 대건금속, 타지마 )",P0000BIZ,(1)800톱날A330타,톱날 330 mm / 타지마,P0000BIZ000F
평붓,P0000BIY,(1)800평붓2,평 붓 2인치,P0000BIY000A
평붓,P0000BIY,(1)800평붓3,평 붓 3인치,P0000BIY000B
평붓,P0000BIY,(1)800평붓4,평 붓 4인치,P0000BIY000C
평붓,P0000BIY,(1)800평붓5,평 붓 5인치,P0000BIY000D
제일타카 1850A타카총/에어타카,P0000BIS,(1)800총F30,F30 타카총,P0000BIS000A
제일타카 1850A타카총/에어타카,P0000BIS,(1)800총630R,630 타카총,P0000BIS000B
제일타카 1850A타카총/에어타카,P0000BIS,(1)80013총422,422 타카총,P0000BIS000C
제일타카 1850A타카총/에어타카,P0000BIS,(1)800총1850A,1850A 타카총,P0000BIS000D
제일타카 1850A타카총/에어타카,P0000BIS,(1)800총CT64,CT64 타카총,P0000BIS000E
제일타카 1850A타카총/에어타카,P0000BIS,(1)800총BN1664,T64 타카총,P0000BIS000F
"F단위타카핀(15,20,25,30,40,50)",P0000BIR,(1)800타카F15,F 15,P0000BIR000A
"F단위타카핀(15,20,25,30,40,50)",P0000BIR,(1)800타카F20,F 20,P0000BIR000B
"F단위타카핀(15,20,25,30,40,50)",P0000BIR,(1)800타카F25,F 25,P0000BIR000C
"F단위타카핀(15,20,25,30,40,50)",P0000BIR,(1)800타카F30,F 30,P0000BIR000D
"F단위타카핀(15,20,25,30,40,50)",P0000BIR,(1)800타카F40,F 40,P0000BIR000E
"F단위타카핀(15,20,25,30,40,50)",P0000BIR,(1)800타카F50,F 50,P0000BIR000F
"J단위타카핀(416,149,422,1022)",P0000BIP,(1)800타카416J,핀 416J,P0000BIP000A
"J단위타카핀(416,149,422,1022)",P0000BIP,(1)800타카419J,핀 419J,P0000BIP000B
"J단위타카핀(416,149,422,1022)",P0000BIP,(1)80011타카422J,핀 422J,P0000BIP000C
"J단위타카핀(416,149,422,1022)",P0000BIP,(1)800타카1022J,핀 1022J,P0000BIP000E
아스펜 집성판사이드핑거,P0000BIN,,아스펜 S/F 18T x 1220 x 2440,P0000BIN000A
아스펜 집성판사이드핑거,P0000BIN,,아스펜 S/F 24T x 1220 x 2440,P0000BIN000B
엘더(오리나무)집성판사이드핑거,P0000BIK,,18T x 1200 x 2400,P0000BIK000A
엘더(오리나무)집성판사이드핑거,P0000BIK,,20T x 1200 x 2400,P0000BIK000B
엘더(오리나무)집성판사이드핑거,P0000BIK,,25T x 1200 x 2400,P0000BIK000C
엘더(오리나무)집성판사이드핑거,P0000BIK,,33T x 1200 x 2400,P0000BIK000D
엘더(오리나무)집성판사이드핑거,P0000BIK,,24T x 1200 x 2400,P0000BIK000E
히노끼루바(무절) 10T8매/단,P0000BIJ,,히노끼 루바 (통무절/8자),P0000BIJ000A
히노끼루바(무절) 10T8매/단,P0000BIJ,,히노끼 루바 (단판무절/8자),P0000BIJ000B
단열재열반사 단열재 (6T/10T),P0000BIB,(1)6001열반사6양,은박 6T 단면 접착 (50m),P0000BIB000A
단열재열반사 단열재 (6T/10T),P0000BIB,(1)6001열반사10양,은박 10T 양면 접착 (25m),P0000BIB000B
멀바우19x90데크재,P0000BHU,,멀바우 19 x 90 x 1800,P0000BHU000A
멀바우19x90데크재,P0000BHU,,멀바우 19 x 90 x 2100,P0000BHU000B
멀바우19x90데크재,P0000BHU,,멀바우 19 x 90 x 2400,P0000BHU000C
멀바우19x90데크재,P0000BHU,,멀바우 19 x 90 x 2700,P0000BHU000D
멀바우19x90데크재,P0000BHU,,멀바우 19 x 90 x 3000,P0000BHU000E
멀바우19x90데크재,P0000BHU,,멀바우 19 x 90 x 3300,P0000BHU000F
멀바우19x90데크재,P0000BHU,,멀바우 19 x 90 x 3600,P0000BHU000G
멀바우19x90데크재,P0000BHU,,멀바우 19 x 90 x 3900,P0000BHU000H
방킬라이19x90x2400데크재,P0000BHT,,방킬라이 19 x 90 x 1800,P0000BHT000A
방킬라이19x90x2400데크재,P0000BHT,,방킬라이 19 x 90 x 2100,P0000BHT000B
방킬라이19x90x2400데크재,P0000BHT,,방킬라이 19 x 90 x 2400,P0000BHT000C
방킬라이19x90x2400데크재,P0000BHT,,방킬라이 19 x 90 x 2700,P0000BHT000D
방킬라이19x90x2400데크재,P0000BHT,,방킬라이 19 x 90 x 3000,P0000BHT000E
방킬라이19x90x2400데크재,P0000BHT,,방킬라이 19 x 90 x 3300,P0000BHT000F
방킬라이19x90x2400데크재,P0000BHT,,방킬라이 19 x 90 x 3600,P0000BHT000G
방킬라이19x90x2400데크재,P0000BHT,,방킬라이 19 x 90 x 3900,P0000BHT000H
방킬라이19x90x2400데크재,P0000BHT,,기타규격,P0000BHT000I
스페이스 월18T x 1220 x 2440mm,P0000BHR,(1)502백스페,스페이스월 (쫄대포함),P0000BHR000A
"DT단위타카핀(50,64)",P0000BHI,(1)800타카DT50,DT 50,P0000BHI000A
"DT단위타카핀(50,64)",P0000BHI,(1)800타카DT64,DT 64,P0000BHI000B
"ST단위타카핀(18,25,32,38,45,50,57,64)",P0000BHH,(1)800타카1ST18,ST 18,P0000BHH000A
"ST단위타카핀(18,25,32,38,45,50,57,64)",P0000BHH,(1)800타카1ST25,ST 25,P0000BHH000B
"ST단위타카핀(18,25,32,38,45,50,57,64)",P0000BHH,(1)800타카1ST32,ST 32,P0000BHH000C
"ST단위타카핀(18,25,32,38,45,50,57,64)",P0000BHH,(1)800타카1ST38,ST 38,P0000BHH000D
"ST단위타카핀(18,25,32,38,45,50,57,64)",P0000BHH,(1)800타카1ST45,ST 45,P0000BHH000E
"ST단위타카핀(18,25,32,38,45,50,57,64)",P0000BHH,(1)800타카1ST50,ST 50,P0000BHH000F
"ST단위타카핀(18,25,32,38,45,50,57,64)",P0000BHH,(1)800타카1ST57,ST 57,P0000BHH000G
"ST단위타카핀(18,25,32,38,45,50,57,64)",P0000BHH,(1)800타카1ST64,ST 64,P0000BHH000H
수용성 실리콘(아크씰),P0000BHG,(1)800실리C백색,수성 실리콘 아크씰 [백색],P0000BHG000A
수용성 실리콘(아크씰),P0000BHG,(1)800실리콘건,실리콘 건 (PVC 컷팅),P0000BHG000B
바이오 실리콘,P0000BHF,(1)800실리B1투명,바이오 실리콘 [투명],P0000BHF000A
바이오 실리콘,P0000BHF,(1)800실리B반투명,바이오 실리콘 [반투명],P0000BHF000B
바이오 실리콘,P0000BHF,(1)800실리B백색,바이오 실리콘 [백색],P0000BHF000C
무초산형 실리콘,P0000BHE,(1)80011실리1투명,무초산형 실리콘 [투명],P0000BHE000A
무초산형 실리콘,P0000BHE,(1)800실리골드,무초산형 실리콘 [골드],P0000BHE000B
무초산형 실리콘,P0000BHE,(1)800실리밤색,무초산형 실리콘 [밤색],P0000BHE000C
무초산형 실리콘,P0000BHE,(1)80013실리백색,무초산형 실리콘 [백색],P0000BHE000D
무초산형 실리콘,P0000BHE,(1)800실리아이보리,무초산형 실리콘 [아이보리],P0000BHE000E
무초산형 실리콘,P0000BHE,(1)800실리회색,무초산형 실리콘 [회색],P0000BHE000F
무초산형 실리콘,P0000BHE,(1)800실리우드,무초산형 실리콘 [우드],P0000BHE000G
무초산형 실리콘,P0000BHE,(1)800실리흑색,무초산형 실리콘 [흑색],P0000BHE000H
무초산형 실리콘,P0000BHE,(1)800실리체리,무초산형 실리콘 [체리],P0000BHE000I
무초산형 실리콘,P0000BHE,(1)80012실리반투명,무초산형 실리콘 [반투명],P0000BHE000J
무초산형 실리콘,P0000BHE,(1)800실리콘건,실리콘 건 (PVC 컷팅),P0000BHE000K
실리콘 건,P0000BHD,(1)800실리콘건,실리콘 건,P0000BHD000A
단열재이보드(도배용 & 페인트용),P0000BHC,(1)60011이보드13도배,13T x 900 x 2400 (도배용),P0000BHC000A
단열재이보드(도배용 & 페인트용),P0000BHC,(1)60012이보드23도배,23T x 900 x 2400 (도배용),P0000BHC000B
단열재이보드(도배용 & 페인트용),P0000BHC,(1)60013이보드33도배,33T x 900 x 2400 (도배용),P0000BHC000C
단열재이보드(도배용 & 페인트용),P0000BHC,,------ 구 분 ------,P0000BHC000D
단열재이보드(도배용 & 페인트용),P0000BHC,(1)600이보드13페,13T x 900 x 2400 (페인트용),P0000BHC000E
단열재이보드(도배용 & 페인트용),P0000BHC,(1)600이보드23페,23T x 900 x 2400 (페인트용),P0000BHC000F
단열재이보드(도배용 & 페인트용),P0000BHC,(1)600이보드33페,33T x 900 x 2400 (페인트용),P0000BHC000G
낙엽송 합판 (엠보)1220 x 2440mm,P0000BGU,(1)300C1낙엽48,낙엽송 4.8T 1220x2440mm,P0000BGU000A
낙엽송 합판 (엠보)1220 x 2440mm,P0000BGU,(1)300C2낙엽75,낙엽송 7.5T 1220x2440mm,P0000BGU000B
낙엽송 합판 (엠보)1220 x 2440mm,P0000BGU,(1)300C3낙엽115,낙엽송 11.5T 1220x2440mm,P0000BGU000C
낙엽송 합판 (엠보)1220 x 2440mm,P0000BGU,(2)300D낙엽15,낙엽송 15T 1220x2440mm,P0000BGU000D
낙엽송 합판 (엠보)1220 x 2440mm,P0000BGU,(1)300E낙엽18,낙엽송 18T 1220x2440mm,P0000BGU000E
석재용 접착제 (에폭시),P0000BGS,(1)800접착에폭4,석재용 에폭시 (8kg),P0000BGS000A
석재용 접착제 (에폭시),P0000BGS,(1)800접착에폭A10,석재용 에폭시 (20kg),P0000BGS000B
다용도 스프레이 접착제 707,P0000BGR,(1)800접착777,다용도 강력스프레이 접착제,P0000BGR000A
아이소핑크(단열재 접착제) 850g,P0000BGQ,(1)800접착아이소,아이소핑크 (850g),P0000BGQ000A
스틱형 다용도 접착제(핫멜트+글루건),P0000BGN,(1)800핫멜트1심,글루심(핫멜트) 1봉지(25ea),P0000BGN000A
스틱형 다용도 접착제(핫멜트+글루건),P0000BGN,(1)800핫멜트건,글루건,P0000BGN000B
인테리어 필름 접착제(수용성 프라이머),P0000BGM,(1)800접착프라1,수용성 프라이머 1kg,P0000BGM000A
인테리어 필름 접착제(수용성 프라이머),P0000BGM,(1)800접착프라3,수용성 프라이머 3kg,P0000BGM000B
목공용 본드 205,P0000BGK,(1)800접착205,205 오공본드 (낱개),P0000BGK000A
고무나무계단재,P0000BGI,,계단재 30 x 300 x 3600,P0000BGI000A
고무나무계단재,P0000BGI,,계단재 33 x 300 x 3600,P0000BGI000B
고무나무계단재,P0000BGI,,계단재 38 x 300 x 3600,P0000BGI000C
"라왕각재라왕다루끼,한치각,심재,후지",P0000BGF,(1)100라왕한치각,라왕 30 x 30 x 3600 다루끼(한치각),P0000BGF000A
"라왕각재라왕다루끼,한치각,심재,후지",P0000BGF,(1)100라왕심재,라왕 30 x 40 x 2100 심재,P0000BGF000B
"라왕각재라왕다루끼,한치각,심재,후지",P0000BGF,(1)100라왕후지,라왕 10 x 40 x 2100 후지,P0000BGF000C
뉴송 각재,P0000BGE,(1)A100뉴송11317,39x51x3600 1단(6개),P0000BGE000A
뉴송 각재,P0000BGE,(1)A100뉴송21727,51x81x3600 1개(낱개),P0000BGE000C
뉴송 각재,P0000BGE,(1)A100뉴송32727,81x81x3600 1개(낱개),P0000BGE000D
"소송 각재(KD)다루끼,투바이,나나부",P0000BGC,(1)100소송1303012,(KD) 소송 다루끼 30x30x3600 1단,P0000BGC000A
"소송 각재(KD)다루끼,투바이,나나부",P0000BGC,(1)100소송2306912,(KD) 소송 투바이 30x69x3600 1단,P0000BGC000C
"소송 각재(KD)다루끼,투바이,나나부",P0000BGC,(1)100소송330308,(KD) 소송 다루끼 30x30x2400 1단 (8자),P0000BGC000D
"소송 각재(KD)다루끼,투바이,나나부",P0000BGC,(1)100소송4203012,(KD) 소송 나나부 20x30x3600 1단,P0000BGC000E
"소송 각재(KD)다루끼,투바이,나나부",P0000BGC,(1)100소송53030121,(KD) 소송 다루끼 30x30x3600 1개 (※낱개),P0000BGC000F
"소송 각재(KD)다루끼,투바이,나나부",P0000BGC,(1)100소송63069121,(KD) 소송 투바이 30x69x3600 1개 (※낱개),P0000BGC000G
"내수합판 (수입 KS)910x1820mm, 1220x2440mm",P0000BGB,(1)300내수21236수,12T x 910 x 1820,P0000BGB000A
"내수합판 (수입 KS)910x1820mm, 1220x2440mm",P0000BGB,(1)300내수1248수,12T x 1220 x 2440,P0000BGB000B
레드파인 집성각재솔리드,P0000BFX,(2)302제일레드45각재,45 x 45 x 2440,P0000BFX000A
레드파인 집성각재솔리드,P0000BFX,(1)302레드60각,60 x 60 x 2440,P0000BFX000B
레드파인 집성각재솔리드,P0000BFX,(2)302제일레드75각재,75 x 75 x 2440,P0000BFX000C
아카시아계단재,P0000BFW,,계단재 30 x 300 x 3600 (유절),P0000BFW000A
라왕계단재,P0000BFV,,계단재 30 x 300 x 3600mm,P0000BFV000A
라왕계단재,P0000BFV,,계단재 38 x 300 x 3600mm,P0000BFV000B
오크(참나무)계단재,P0000BFT,,계단재 38 x 300 x 3600,P0000BFT000A
오크(참나무)계단재,P0000BFT,,계단재 38 x 610 x 3600,P0000BFT000B
오크(참나무)계단재,P0000BFT,,소봉 40 x 40 x 900,P0000BFT000C
오크(참나무)계단재,P0000BFT,,대봉 90 x 90 x 1200,P0000BFT000D
오크(참나무)계단재,P0000BFT,,반달손스침 40 x 70 x 3600,P0000BFT000E
오크(참나무)계단재,P0000BFT,,손스침 70 x 70 x 3600,P0000BFT000F
오크(참나무)계단재,P0000BFT,,계단재 30 x 300 x 3600,P0000BFT000G
애쉬(물푸레나무)계단재,P0000BFS,,계단재 38 x 300 x 3600,P0000BFS000A
애쉬(물푸레나무)계단재,P0000BFS,,계단재 33 x 300 x 3600,P0000BFS000B
애쉬(물푸레나무)계단재,P0000BFS,,계단재 33 x 610 x 3600,P0000BFS000C
애쉬(물푸레나무)계단재,P0000BFS,,계단재 38 x 610 x 3600,P0000BFS000D
애쉬(물푸레나무)계단재,P0000BFS,,소봉 40 x 40 x 900,P0000BFS000E
애쉬(물푸레나무)계단재,P0000BFS,,대봉 90 x 90 x 1200,P0000BFS000F
애쉬(물푸레나무)계단재,P0000BFS,,반달손스침 38 x 70 x 3600,P0000BFS000G
애쉬(물푸레나무)계단재,P0000BFS,,손스침 60 x 70 x 3600,P0000BFS000H
멀바우계단재,P0000BFR,,계단판 30 x 300 x 3600,P0000BFR000A
멀바우계단재,P0000BFR,,계단판 38 x 300 x 3600,P0000BFR000B
멀바우계단재,P0000BFR,,소봉 40 x 40 x 900,P0000BFR000C
멀바우계단재,P0000BFR,,대봉 90 x 90 x 1200,P0000BFR000D
멀바우계단재,P0000BFR,,반달손스침 40 x 70 x 3600,P0000BFR000E
멀바우계단재,P0000BFR,,손스침 60 x 70 x 3600,P0000BFR000F
라디에타파인계단재,P0000BFP,,계단판 30 x 300 x 3600,P0000BFP000A
라디에타파인계단재,P0000BFP,,계단판 33 x 300 x 3600,P0000BFP000B
라디에타파인계단재,P0000BFP,,계단판 33 x 610 x 3600,P0000BFP000C
라디에타파인계단재,P0000BFP,,계단판 38 x 300 x 3600,P0000BFP000D
라디에타파인계단재,P0000BFP,,계단판 38 x 300 x 4200,P0000BFP000E
라디에타파인계단재,P0000BFP,,계단판 38 x 610 x 3600,P0000BFP000F
라디에타파인계단재,P0000BFP,,소봉 40 x 40 x 900,P0000BFP000G
라디에타파인계단재,P0000BFP,,대봉 90 x 90 x 1200,P0000BFP000H
라디에타파인계단재,P0000BFP,,반봉(반쪽대봉) 45 x 90 x 1200,P0000BFP000I
라디에타파인계단재,P0000BFP,,반달손스침 40 x 70 x 3600,P0000BFP000J
라디에타파인계단재,P0000BFP,,식빵손스침 60 x 70 x 3600,P0000BFP000K
레드파인계단재,P0000BFO,,계단판 30 x 610 x 3600,P0000BFO000A
레드파인계단재,P0000BFO,,계단판 33 x 300 x 3600,P0000BFO000B
레드파인계단재,P0000BFO,,계단판 38 x 300 x 3600,P0000BFO000C
레드파인계단재,P0000BFO,,계단판 38 x 300 x 4200,P0000BFO000D
레드파인계단재,P0000BFO,,계단판 38 x 610 x 3600,P0000BFO000E
레드파인계단재,P0000BFO,,소봉 40 x 40 x 900,P0000BFO000F
레드파인계단재,P0000BFO,,대봉 90 x 90 x 1200,P0000BFO000G
레드파인계단재,P0000BFO,,반쪽대봉 45 x 90 x 1200,P0000BFO000H
레드파인계단재,P0000BFO,,반달손스침 40 x 70 x 3600,P0000BFO000I
레드파인계단재,P0000BFO,,손스침 60 x 70 x 3600,P0000BFO000J
석고본드석고보드용 접착재 25Kg 1포,P0000BFN,(1)800석고본드,집본드 25Kg 1포,P0000BFN000A
KCC차음 석고보드,P0000BFG,(1)200국산2차음1236,12.5 x 900 x 1800mm,P0000BFG000A
GS건설자이 천연 방화석고보드,P0000BFF,(1)200자이03방화1236,12.5T x 900 x 1800 (1236),P0000BFF000A
KCC방화 석고보드,P0000BFE,(1)200하국산방화1236,12.5T x 900 x 1800,P0000BFE000A
스프러스 집성판솔리드,P0000BFB,,12T x 1220 x 2440,P0000BFB000A
스프러스 집성판솔리드,P0000BFB,,15T x 1220 x 2440,P0000BFB000B
스프러스 집성판솔리드,P0000BFB,,18T x 1220 x 2440,P0000BFB000C
스프러스 집성판솔리드,P0000BFB,,24T x 1220 x 2440,P0000BFB000D
스프러스 집성판솔리드,P0000BFB,,30T x 1220 x 2440,P0000BFB000E
스프러스 집성판솔리드,P0000BFB,,45T x 1220 x 2440,P0000BFB000F
스프러스 집성판솔리드,P0000BFB,,주문재 상품,P0000BFB000G
라디에타파인솔리드,P0000BFA,,12T x 1220 x 2440 (양면유절),P0000BFA000A
라디에타파인솔리드,P0000BFA,,15T x 1220 x 2440 (양면유절),P0000BFA000B
라디에타파인솔리드,P0000BFA,,18T x 1220 x 2440 (양면유절),P0000BFA000C
라디에타파인솔리드,P0000BFA,,24T x 1220 x 2440 (양면유절),P0000BFA000D
라디에타파인솔리드,P0000BFA,,30T x 1220 x 2440 (양면유절),P0000BFA000E
라디에타파인솔리드,P0000BFA,,12T x 1220 x 2440 (양면무절),P0000BFA000F
라디에타파인솔리드,P0000BFA,,15T x 1220 x 2440 (양면무절),P0000BFA000G
라디에타파인솔리드,P0000BFA,,18T x 1220 x 2440 (양면무절),P0000BFA000H
라디에타파인솔리드,P0000BFA,,24T x 1220 x 2440 (양면무절),P0000BFA000I
라디에타파인솔리드,P0000BFA,,30T x 1220 x 2440 (양면무절),P0000BFA000J
라디에타파인솔리드,P0000BFA,,12T x 1220 x 2440 (일면무절),P0000BFA000K
라디에타파인솔리드,P0000BFA,,15T x 1220 x 2440 (일면무절),P0000BFA000L
라디에타파인솔리드,P0000BFA,,18T x 1220 x2440 (일면무절),P0000BFA000M
라디에타파인솔리드,P0000BFA,,24T x 1220 x 2440 (일면무절),P0000BFA000N
라디에타파인솔리드,P0000BFA,,30T x 1220 x 2440 (일면무절),P0000BFA000O
삼나무 집성판솔리드,P0000BEZ,,12T x 1220 x 2440,P0000BEZ000A
삼나무 집성판솔리드,P0000BEZ,,15T x 1220 x 2440,P0000BEZ000B
삼나무 집성판솔리드,P0000BEZ,,18T x 1220 x 2440,P0000BEZ000C
삼나무 집성판솔리드,P0000BEZ,,24T x 1220 x 2440,P0000BEZ000D
삼나무 집성판솔리드,P0000BEZ,,30T x 1220 x 2440,P0000BEZ000E
삼나무 집성판솔리드,P0000BEZ,,18T x 300 x 2440,P0000BEZ000F
레드파인 집성판솔리드,P0000BEY,,12T x 1220 x 2440 (솔),P0000BEY000A
레드파인 집성판솔리드,P0000BEY,,15T x 1220 x 2440 (솔),P0000BEY000B
레드파인 집성판솔리드,P0000BEY,,18T x 1220 x 2440 (솔),P0000BEY000C
레드파인 집성판솔리드,P0000BEY,,24T x 1220 x 2440 (솔),P0000BEY000D
레드파인 집성판솔리드,P0000BEY,,30T x 1220 x 2440 (솔),P0000BEY000E
레드파인 집성판솔리드,P0000BEY,,-----,P0000BEY000F
레드파인 집성판솔리드,P0000BEY,,특가할인,P0000BEY000G
히노끼(편백) 집성판솔리드(유절/무절),P0000BEX,,12T x 1220 x 2440 (유절),P0000BEX000A
히노끼(편백) 집성판솔리드(유절/무절),P0000BEX,,15T x 1220 x 2440 (유절),P0000BEX000B
히노끼(편백) 집성판솔리드(유절/무절),P0000BEX,,18T x 1220 x 2440 (유절),P0000BEX000C
히노끼(편백) 집성판솔리드(유절/무절),P0000BEX,,24T x 1220 x 2440 (유절),P0000BEX000D
히노끼(편백) 집성판솔리드(유절/무절),P0000BEX,,30T x 1220 x 2440 (유절),P0000BEX000E
히노끼(편백) 집성판솔리드(유절/무절),P0000BEX,,--------,P0000BEX000F
히노끼(편백) 집성판솔리드(유절/무절),P0000BEX,,15T x 1220 x 2440 (무절),P0000BEX000G
히노끼(편백) 집성판솔리드(유절/무절),P0000BEX,,18T x 1220 x 2440 (무절),P0000BEX000H
히노끼(편백) 집성판솔리드(유절/무절),P0000BEX,,24T x 1220 x 2440 (무절),P0000BEX000I
히노끼(편백) 집성판솔리드(유절/무절),P0000BEX,,주문재상품,P0000BEX000J
라왕 집성판사이드핑거,P0000BEW,,18T x 1220 x 2440,P0000BEW000A
라왕 집성판사이드핑거,P0000BEW,,-------------------,P0000BEW000B
라왕 집성판사이드핑거,P0000BEW,,12T x 910 x 2400,P0000BEW000C
라왕 집성판사이드핑거,P0000BEW,,15T x 910 x 2400,P0000BEW000D
라왕 집성판사이드핑거,P0000BEW,,18T x 910 x 2400,P0000BEW000E
라왕 집성판사이드핑거,P0000BEW,,24T x 910 x 2400,P0000BEW000F
라왕 집성판사이드핑거,P0000BEW,,30T x 910 x 2400,P0000BEW000G
오크 집성판사이드핑거,P0000BEV,,12T x 915 x 2300,P0000BEV000A
오크 집성판사이드핑거,P0000BEV,,15T x 915 x 2300,P0000BEV000B
오크 집성판사이드핑거,P0000BEV,,18T x 915 x 2300,P0000BEV000C
오크 집성판사이드핑거,P0000BEV,,24T x 915 x 2300,P0000BEV000D
오크 집성판사이드핑거,P0000BEV,,30T x 915 x 2300,P0000BEV000E
오크 집성판사이드핑거,P0000BEV,,-------------------,P0000BEV000F
오크 집성판사이드핑거,P0000BEV,,15T x 1220 x 2440,P0000BEV000G
오크 집성판사이드핑거,P0000BEV,,18T x 1220 x 2440,P0000BEV000H
오크 집성판사이드핑거,P0000BEV,,24T x 1220 x 2440,P0000BEV000I
오크 집성판사이드핑거,P0000BEV,,30T x 1220 x 2440,P0000BEV000J
오크 집성판사이드핑거,P0000BEV,,10장 이상 구매시 추가할인,P0000BEV000K
아카시아 집성판사이드핑거(유절&무절),P0000BEU,,15T x 1220 x 2440 (유절),P0000BEU000A
아카시아 집성판사이드핑거(유절&무절),P0000BEU,,18T x 1220 x 2440 (유절),P0000BEU000B
아카시아 집성판사이드핑거(유절&무절),P0000BEU,,24T x 1220 x 2440 (유절),P0000BEU000C
아카시아 집성판사이드핑거(유절&무절),P0000BEU,,30T x 1220 x 2440 (유절),P0000BEU000D
아카시아 집성판사이드핑거(유절&무절),P0000BEU,,------------------,P0000BEU000E
아카시아 집성판사이드핑거(유절&무절),P0000BEU,,15T x 1220 x 2440 (무절),P0000BEU000F
아카시아 집성판사이드핑거(유절&무절),P0000BEU,,18T x 1220 x 2440 (무절),P0000BEU000G
아카시아 집성판사이드핑거(유절&무절),P0000BEU,,24T x 1220 x 2440 (무절),P0000BEU000H
아카시아 집성판사이드핑거(유절&무절),P0000BEU,,30T x 1220 x 2440 (무절),P0000BEU000I
히노끼(편백) 집성판사이드핑거(유절/무절),P0000BET,,12T x 1220 x 2440 (유절),P0000BET000A
히노끼(편백) 집성판사이드핑거(유절/무절),P0000BET,,15T x 1220 x 2440 (유절),P0000BET000B
히노끼(편백) 집성판사이드핑거(유절/무절),P0000BET,,18T x 1220 x 2440 (유절),P0000BET000C
히노끼(편백) 집성판사이드핑거(유절/무절),P0000BET,,24T x 1220 x 2440 (유절),P0000BET000D
히노끼(편백) 집성판사이드핑거(유절/무절),P0000BET,,30T x 1220 x 2300 (유절),P0000BET000E
히노끼(편백) 집성판사이드핑거(유절/무절),P0000BET,,12T x 1220 x 2440 (무절),P0000BET000F
히노끼(편백) 집성판사이드핑거(유절/무절),P0000BET,,15T x 1220 x 2440 (무절),P0000BET000G
히노끼(편백) 집성판사이드핑거(유절/무절),P0000BET,,18T x 1220 x 2440 (무절),P0000BET000H
히노끼(편백) 집성판사이드핑거(유절/무절),P0000BET,,24T x 1220 x 2440 (무절),P0000BET000I
히노끼(편백) 집성판사이드핑거(유절/무절),P0000BET,,30T x 1220 x 2440 (무절),P0000BET000J
고무나무 집성판탑핑거,P0000BES,,(싸이드핑거) 12T x 1220 x 2440,P0000BES000A
고무나무 집성판탑핑거,P0000BES,,(싸이드핑거) 15T x 1220 x 2440,P0000BES000B
고무나무 집성판탑핑거,P0000BES,,(싸이드핑거) 18T x 1220 x 2440,P0000BES000C
고무나무 집성판탑핑거,P0000BES,,(싸이드핑거) 24T x 1220 x 2440,P0000BES000D
고무나무 집성판탑핑거,P0000BES,,(싸이드핑거) 30T x 1220 x 2440,P0000BES000E
고무나무 집성판탑핑거,P0000BES,,(탑핑거) 12T x 1220 x 2440,P0000BES000F
고무나무 집성판탑핑거,P0000BES,,(탑핑거) 15T x 1220 x 2440,P0000BES000G
고무나무 집성판탑핑거,P0000BES,,(탑핑거) 18T x 1220 x 2440,P0000BES000H
고무나무 집성판탑핑거,P0000BES,,(탑핑거) 24T x 1220 x 2440,P0000BES000I
고무나무 집성판탑핑거,P0000BES,,(탑핑거) 30T x 1220 x 2440,P0000BES000J
버치(자작나무) 집성판사이드핑거,P0000BER,,18T x 1220 x 2440,P0000BER000A
버치(자작나무) 집성판사이드핑거,P0000BER,,24T x 1220 x 2440,P0000BER000B
버치(자작나무) 집성판사이드핑거,P0000BER,,30T x 1220 x 2440,P0000BER000C
브라운 애쉬 집성판사이드핑거,P0000BEQ,,12T x 915 x 2300,P0000BEQ000A
브라운 애쉬 집성판사이드핑거,P0000BEQ,,15T x 915 x 2300,P0000BEQ000B
브라운 애쉬 집성판사이드핑거,P0000BEQ,,18T x 915 x 2300,P0000BEQ000C
브라운 애쉬 집성판사이드핑거,P0000BEQ,,24T x 915 x 2300,P0000BEQ000D
브라운 애쉬 집성판사이드핑거,P0000BEQ,,30T x 915 x 2300,P0000BEQ000E
브라운 애쉬 집성판사이드핑거,P0000BEQ,,-------------------,P0000BEQ000F
브라운 애쉬 집성판사이드핑거,P0000BEQ,,15T x 1220 x 2440,P0000BEQ000G
브라운 애쉬 집성판사이드핑거,P0000BEQ,,18T x 1220 x 2440,P0000BEQ000H
브라운 애쉬 집성판사이드핑거,P0000BEQ,,24T x 1220 x 2440,P0000BEQ000I
브라운 애쉬 집성판사이드핑거,P0000BEQ,,30T x 1220 x 2440,P0000BEQ000J
라디에타파인 집성판탑핑거,P0000BEO,,12T x 915 x 2300,P0000BEO000A
라디에타파인 집성판탑핑거,P0000BEO,,15T x 915 x 2300,P0000BEO000B
라디에타파인 집성판탑핑거,P0000BEO,,18T x 915 x 2300,P0000BEO000C
라디에타파인 집성판탑핑거,P0000BEO,,24T x 915 x 2300,P0000BEO000D
라디에타파인 집성판탑핑거,P0000BEO,,30T x 915 x 2300,P0000BEO000E
라디에타파인 집성판탑핑거,P0000BEO,(1)302라디12탑,12T x 1220 x 2440,P0000BEO000F
라디에타파인 집성판탑핑거,P0000BEO,(1)302라디15탑,15T x 1220 x 2440,P0000BEO000G
라디에타파인 집성판탑핑거,P0000BEO,(1)302라디18탑,18T x 1220 x 2440,P0000BEO000H
라디에타파인 집성판탑핑거,P0000BEO,(1)302라디24탑,24T x 1220 x 2440,P0000BEO000I
라디에타파인 집성판탑핑거,P0000BEO,(1)302라디30탑,30T x 1220 x 2440,P0000BEO000J
마감용 구조재인테리어등급,P0000BEL,(1)100구조재A14,1” X 4” (19mm X 89mm),P0000BEL000A
마감용 구조재인테리어등급,P0000BEL,(1)100구조재A16,1” X 6” (19mm X 140mm),P0000BEL000B
마감용 구조재인테리어등급,P0000BEL,(1)100구조재A18,1” X 8” (19mm X 184mm),P0000BEL000C
마감용 구조재인테리어등급,P0000BEL,(1)100구조재B110,1” X 10” (19mm X 235mm),P0000BEL000D
마감용 구조재인테리어등급,P0000BEL,(1)100구조재B112,1” X 12” (19mm X 286mm),P0000BEL000E
마감용 구조재인테리어등급,P0000BEL,,----------,P0000BEL000F
마감용 구조재인테리어등급,P0000BEL,(1)100구조재C22,2” X 2” (38mm X 38mm),P0000BEL000G
마감용 구조재인테리어등급,P0000BEL,(1)100구조재C24,2” X 4” (38mm X 89mm),P0000BEL000H
마감용 구조재인테리어등급,P0000BEL,(1)100구조재C26,2” X 6” (38mm X 140mm),P0000BEL000I
마감용 구조재인테리어등급,P0000BEL,(1)100구조재C28,2” X 8” (38mm X 184mm),P0000BEL000J
마감용 구조재인테리어등급,P0000BEL,(2)100제일구조210,2” X 10” (38mm X 235mm),P0000BEL000K
마감용 구조재인테리어등급,P0000BEL,(1)100구조재D212,2” X 12” (38mm X 286mm),P0000BEL000L
마감용 구조재인테리어등급,P0000BEL,,-----------,P0000BEL000M
마감용 구조재인테리어등급,P0000BEL,(2)100제일구조재E60,60mm X 60mm,P0000BEL000N
마감용 구조재인테리어등급,P0000BEL,(1)100구조재E70각,70mm X 70mm,P0000BEL000O
마감용 구조재인테리어등급,P0000BEL,(1)100구조재E90각,90mm X 90mm,P0000BEL000P
OSB (내장용)1220 x 2440mm,P0000BEK,(1)300OSB8내,8T X 1220 X 2440 (내장용),P0000BEK000A
OSB (내장용)1220 x 2440mm,P0000BEK,(1)300OSB11내,11.1T X 1220 X 2440 (내장용),P0000BEK000B
OSB (내장용)1220 x 2440mm,P0000BEK,(2)300씨맥OSB18,18.3T X 1220 X 2440 (바닥용),P0000BEK000C
방부목각재/데크재,P0000BEI,(1)100방부목3140,방부목 데크 25mm X 140mm,P0000BEI000A
방부목각재/데크재,P0000BEI,(1)100방부목1120,방부목 데크 21mm X 120mm,P0000BEI000B
방부목각재/데크재,P0000BEI,(1)100방부목295,방부목 데크 15mm X 95mm,P0000BEI000C
방부목각재/데크재,P0000BEI,(1)100방부목4A22,2” X 2” (38mm X 38mm),P0000BEI000D
방부목각재/데크재,P0000BEI,(1)100방부목524,2” X 4” (38mm X 89mm),P0000BEI000E
방부목각재/데크재,P0000BEI,(1)100방부목626,2” X 6” (38mm X 140mm),P0000BEI000F
방부목각재/데크재,P0000BEI,(2)100방부목728,2” X 8” (38mm X 184mm),P0000BEI000G
방부목각재/데크재,P0000BEI,(2)100방부목8210,2” X 10” (38mm X 235mm),P0000BEI000H
방부목각재/데크재,P0000BEI,(1)100방부목8212,2” X 12” (38mm X 285mm),P0000BEI000I
방부목각재/데크재,P0000BEI,(1)100방부목944,4” X 4” (90mm X 90mm),P0000BEI000J
방부목각재/데크재,P0000BEI,(2)100방부목제일55,5” X 5” 크로바(120mm X 120mm),P0000BEI000K
방부목각재/데크재,P0000BEI,(2)100방부목제일66,6” X 6” 크로바(140mm X 140mm),P0000BEI000L
코아합판1220 x 2440mm,P0000BEH,(1)3001Y코아18알,(연질)알비자 18Tx1220x2440mm,P0000BEH000A
코아합판1220 x 2440mm,P0000BEH,(1)3001Z코아18라,(강질) 라왕 18Tx1220x2440mm,P0000BEH000B
태고합판1220 x 2440mm,P0000BEG,(1)300태고21236,태고 12T x 910 x 1820mm,P0000BEG000A
태고합판1220 x 2440mm,P0000BEG,(1)300태고1248N,태고 12T x 1220 x 2440mm,P0000BEG000B
자작합판1220 x 2440mm,P0000BEF,(1)300A1자작SBB4,자작 합판 4T (S/BB) 러시아,P0000BEF000A
자작합판1220 x 2440mm,P0000BEF,(1)300A2자작SBB6,자작 합판 6T (S/BB) 러시아,P0000BEF000B
자작합판1220 x 2440mm,P0000BEF,(1)300A3자작SBB9,자작 합판 9T (S/BB) 러시아,P0000BEF000C
자작합판1220 x 2440mm,P0000BEF,(1)300A4자작SBB12,자작 합판 12T (S/BB) 러시아,P0000BEF000D
자작합판1220 x 2440mm,P0000BEF,(1)300A5자작SBB15,자작 합판 15T (S/BB) 러시아,P0000BEF000E
자작합판1220 x 2440mm,P0000BEF,(1)300A6자작SBB18,자작 합판 18T (S/BB) 러시아,P0000BEF000F
자작합판1220 x 2440mm,P0000BEF,(2)300제일자작2148,자작 합판 21T (S/BB) 러시아,P0000BEF000G
자작합판1220 x 2440mm,P0000BEF,(2)300제일자작2448,자작 합판 24T (S/BB) 러시아,P0000BEF000H
자작합판1220 x 2440mm,P0000BEF,(2)300제일자작3048,자작 합판 30T (S/BB) 러시아,P0000BEF000I
일반합판(수입산) 4*81220x2440mm,P0000BEE,(1)3001A2748BB,2.7T x 1220 x 2440 동남아산 (일반),P0000BEE000A
일반합판(수입산) 4*81220x2440mm,P0000BEE,(1)3001D4648알,4.6T x 1220 x 2440 동남아산 (알비자),P0000BEE000B
일반합판(수입산) 4*81220x2440mm,P0000BEE,(1)3001E8548BB,8.5T x 1220 x 2440 동남아산 (고급),P0000BEE000C
일반합판(수입산) 4*81220x2440mm,P0000BEE,(1)3001C4648BB,4.6T x 1220 x 2440 동남아산 (고급),P0000BEE000D
일반합판(수입산) 4*81220x2440mm,P0000BEE,(1)3001G38548콤,8.5T x 1220 x 2440 콤비,P0000BEE000E
일반합판(수입산) 4*81220x2440mm,P0000BEE,(1)3001J11548콤,11.5T x 1220 x 2440 콤비,P0000BEE000G
일반합판(수입산) 4*81220x2440mm,P0000BEE,(1)3001K11548다,11.5T x 1220 x 2440 동남아산 (일반),P0000BEE000H
일반합판(수입산) 4*81220x2440mm,P0000BEE,(1)3001H11548BB,11.5T x 1220 x 2440 동남아산 (고급),P0000BEE000I
일반합판(수입산) 4*81220x2440mm,P0000BEE,(1)3001L14548BB,14.5T x 1220 x 2440 동남아산 (고급),P0000BEE000J
일반합판(수입산) 4*81220x2440mm,P0000BEE,(1)3001M17548BB,17.5T x 1220 x 2440 동남아산 (고급),P0000BEE000K
일반합판(수입산) 4*81220x2440mm,P0000BEE,(1)3001F8548MLH,8.5T x 1220 x 2440 베트남산 (MLH),P0000BEE000L
일반합판(수입산) 4*81220x2440mm,P0000BEE,(1)3001I11548MLH,11.5T x 1220 x 2440 베트남산 (MLH),P0000BEE000M
미송합판(유절)1220 x 2440mm,P0000BED,(1)300B1미송유48,미송합판 4.8T,P0000BED000A
미송합판(유절)1220 x 2440mm,P0000BED,(1)300B2미송유85,미송합판 8.5T,P0000BED000C
미송합판(유절)1220 x 2440mm,P0000BED,(1)300B3미송유12,미송합판 12T,P0000BED000D
미송합판(유절)1220 x 2440mm,P0000BED,(1)300B4미송유15,미송합판 15T,P0000BED000E
미송합판(유절)1220 x 2440mm,P0000BED,(1)300B5미송유18,미송합판 18T,P0000BED000F
오징어합판 (요꼬합판)1220 x 2440mm,P0000BEC,(1)3001B448오징,4T X 1220mm X 2440mm,P0000BEC000A
MDF1220 x 2440mm,P0000BEB,(1)301MDF113고밀,2.7T 일반 MDF,P0000BEB000A
MDF1220 x 2440mm,P0000BEB,(1)301MDF1245고밀,4.5T 일반 MDF,P0000BEB000B
MDF1220 x 2440mm,P0000BEB,(1)301MDF136USB,6T 일반 MDF,P0000BEB000C
MDF1220 x 2440mm,P0000BEB,(1)301MDF149USB,9T 일반 MDF,P0000BEB000F
MDF1220 x 2440mm,P0000BEB,(1)301MDF1512USB,12T 일반 MDF,P0000BEB000G
MDF1220 x 2440mm,P0000BEB,(1)301MDF1615USB,15T 일반 MDF,P0000BEB000P
MDF1220 x 2440mm,P0000BEB,(1)301MDF1718USB,18T 일반 MDF,P0000BEB000Q
MDF1220 x 2440mm,P0000BEB,(1)301MDF1825UB,25T 일반 MDF,P0000BEB000R
MDF1220 x 2440mm,P0000BEB,(1)301MDF1930UB,30T 일반 MDF,P0000BEB000S
MDF1220 x 2440mm,P0000BEB,(1)301MDF206고밀,6T 고밀도 MDF,P0000BEB000T
MDF1220 x 2440mm,P0000BEB,(1)301MDF209고밀,9T 고밀도 MDF,P0000BEB000U
MDF1220 x 2440mm,P0000BEB,(1)301MDF2112고밀,12T 고밀도 MDF,P0000BEB000V
MDF1220 x 2440mm,P0000BEB,(1)301MDF2215고밀,15T 고밀도 MDF,P0000BEB000W
MDF1220 x 2440mm,P0000BEB,(1)301MDF2318고밀,18T 고밀도 MDF,P0000BEB000X